分类路径,网站名称,网址,域名,Logo,描述
效率集 · yzhrjd / 行业网址,扬州市人民政府,http://www.yangzhou.gov.cn/,yangzhou.gov.cn,https://favicon.im/yangzhou.gov.cn,
效率集 · yzhrjd / 行业网址,扬州市广陵区人民政府,http://gl.yangzhou.gov.cn/,gl.yangzhou.gov.cn,https://favicon.im/gl.yangzhou.gov.cn,
效率集 · yzhrjd / 行业网址,扬州市邗江区人民政府,http://www.hj.gov.cn/,hj.gov.cn,https://favicon.im/hj.gov.cn,
效率集 · yzhrjd / 行业网址,扬州市江都区人民政府,http://www.jiangdu.gov.cn/,jiangdu.gov.cn,https://favicon.im/jiangdu.gov.cn,
效率集 · yzhrjd / 行业网址,扬州市财政局,http://czj.yangzhou.gov.cn/,czj.yangzhou.gov.cn,https://favicon.im/czj.yangzhou.gov.cn,
效率集 · yzhrjd / 行业网址,中华人民共和国住房和城乡建设部,http://www.mohurd.gov.cn/,mohurd.gov.cn,https://favicon.im/mohurd.gov.cn,
效率集 · yzhrjd / 行业网址,江苏省住房和城乡建设厅,http://jsszfhcxjst.jiangsu.gov.cn/,jsszfhcxjst.jiangsu.gov.cn,https://favicon.im/jsszfhcxjst.jiangsu.gov.cn,
效率集 · yzhrjd / 行业网址,扬州市住房和城乡建设局,http://yzzjj.yangzhou.gov.cn/,yzzjj.yangzhou.gov.cn,https://favicon.im/yzzjj.yangzhou.gov.cn,
效率集 · yzhrjd / 行业网址,江苏省人力资源和社会保障厅,http://jshrss.jiangsu.gov.cn/,jshrss.jiangsu.gov.cn,https://favicon.im/jshrss.jiangsu.gov.cn,
效率集 · yzhrjd / 行业网址,扬州市人力资源和社会保障局,http://hrss.yangzhou.gov.cn/,hrss.yangzhou.gov.cn,https://favicon.im/hrss.yangzhou.gov.cn,
效率集 · yzhrjd / 行业网址,江苏技能人才评价服务网,http://jshrss.jiangsu.gov.cn/col/col85519/index.html,jshrss.jiangsu.gov.cn,https://favicon.im/jshrss.jiangsu.gov.cn,
效率集 · yzhrjd / 行业网址,扬州市社会保险基金管理中心,http://hrss.yangzhou.gov.cn/sbzx/,hrss.yangzhou.gov.cn,https://favicon.im/hrss.yangzhou.gov.cn,
效率集 · yzhrjd / 行业网址,扬州建工控股有限责任公司,http://www.yzjgkg.cn/jgkg/,yzjgkg.cn,https://favicon.im/yzjgkg.cn,
效率集 · yzhrjd / 行业网址,江苏建筑业网统计信息频道,http://www.jstjbb.cn/Jstjbb/Index.aspx,jstjbb.cn,https://favicon.im/jstjbb.cn,
效率集 · yzhrjd / 行业网址,扬州市建筑安全监察站,http://www.yzajz.com/,yzajz.com,https://favicon.im/yzajz.com,
效率集 · yzhrjd / 行业网址,国家能源局江苏监管办公室,http://jsb.nea.gov.cn/,jsb.nea.gov.cn,https://favicon.im/jsb.nea.gov.cn,
效率集 · yzhrjd / 行业网址,中华人民共和国应急管理部,http://www.mem.gov.cn/,mem.gov.cn,https://favicon.im/mem.gov.cn,
效率集 · yzhrjd / 行业网址,江苏省应急管理厅,http://yjglt.jiangsu.gov.cn/,yjglt.jiangsu.gov.cn,https://favicon.im/yjglt.jiangsu.gov.cn,
效率集 · yzhrjd / 行业网址,江苏省电力工程企业协会,http://www.jspeima.com/,jspeima.com,https://favicon.im/jspeima.com,
效率集 · yzhrjd / 行业网址,扬州就业创业服务,http://hrss.yangzhou.gov.cn/yzjycyfw/index.html,hrss.yangzhou.gov.cn,https://favicon.im/hrss.yangzhou.gov.cn,
效率集 · yzhrjd / 行业网址,江苏省交通运输厅,http://jtyst.jiangsu.gov.cn/,jtyst.jiangsu.gov.cn,https://favicon.im/jtyst.jiangsu.gov.cn,
效率集 · yzhrjd / 行业网址,扬州人才市场,http://221.229.114.189/rcm/yzjob/,221.229.114.189,https://favicon.im/221.229.114.189,
效率集 · yzhrjd / 行业网址,邗江人才市场,http://www.hjrc.cn/,hjrc.cn,https://favicon.im/hjrc.cn,
效率集 · yzhrjd / 办公平台,柠檬云财税,https://www.ningmengyun.com/,ningmengyun.com,https://favicon.im/ningmengyun.com,
效率集 · yzhrjd / 办公平台,国家企业信用信息公示系统,http://www.gsxt.gov.cn/index.html,gsxt.gov.cn,https://favicon.im/gsxt.gov.cn,
效率集 · yzhrjd / 办公平台,国家政务服务平台,http://gjzwfw.www.gov.cn/,gjzwfw.www.gov.cn,https://favicon.im/gjzwfw.www.gov.cn,
效率集 · yzhrjd / 办公平台,江苏政务服务,http://www.jszwfw.gov.cn/,jszwfw.gov.cn,https://favicon.im/jszwfw.gov.cn,
效率集 · yzhrjd / 办公平台,建筑市场信用平台-合同归集,http://49.77.204.6:17001/Website/#/login_htgj,49.77.204.6:17001,https://favicon.im/49.77.204.6:17001,
效率集 · yzhrjd / 办公平台,证书查询,http://49.77.204.6:10081/SzjsWorkQY/srarchHome/SearchHome.html,49.77.204.6:10081,https://favicon.im/49.77.204.6:10081,
效率集 · yzhrjd / 办公平台,江苏省医疗保障局网上服务大厅,https://ybj.jszwfw.gov.cn/hsa-local/web/hallEnter/#/Index,ybj.jszwfw.gov.cn,https://favicon.im/ybj.jszwfw.gov.cn,
效率集 · yzhrjd / 办公平台,国家税务总局江苏省电子税务局,https://etax.jiangsu.chinatax.gov.cn/,etax.jiangsu.chinatax.gov.cn,https://favicon.im/etax.jiangsu.chinatax.gov.cn,
效率集 · yzhrjd / 办公平台,发票查询,https://etax.jiangsu.chinatax.gov.cn/wangluofapiao/fpcy.action?sign=pageJump,etax.jiangsu.chinatax.gov.cn,https://favicon.im/etax.jiangsu.chinatax.gov.cn,
效率集 · yzhrjd / 办公平台,全国建筑市场监管公共服务平台,https://jzsc.mohurd.gov.cn/data/company,jzsc.mohurd.gov.cn,https://favicon.im/jzsc.mohurd.gov.cn,
效率集 · yzhrjd / 办公平台,江苏省建筑市场监管与诚信信息一体化平台,http://49.77.204.6:17001/Website/#/,49.77.204.6:17001,https://favicon.im/49.77.204.6:17001,
效率集 · yzhrjd / 办公平台,江苏省优质工程、省级工法及新技术应用示范管理系统,http://58.213.147.241:7080/w/com/home,58.213.147.241:7080,https://favicon.im/58.213.147.241:7080,
效率集 · yzhrjd / 办公平台,扬州市建筑市场信用管理信息系统,http://61.132.39.91/pub/pubindex/doInit,61.132.39.91,https://favicon.im/61.132.39.91,
效率集 · yzhrjd / 办公平台,扬州建筑市场信用平台申报系统,http://61.132.39.94:8016/JSGCSB/,61.132.39.94:8016,https://favicon.im/61.132.39.94:8016,
效率集 · yzhrjd / 办公平台,江苏省建筑行业协会-建筑安全教育网,http://www.cinsafe.com.cn/,cinsafe.com.cn,https://favicon.im/cinsafe.com.cn,
效率集 · yzhrjd / 办公平台,住房和城乡建设部执业资格注册中心,https://www.pqrc.org.cn/,pqrc.org.cn,https://favicon.im/pqrc.org.cn,
效率集 · yzhrjd / 办公平台,住房城乡建设行业从业人员培训管理信息系统,http://rcgz.mohurd.gov.cn/,rcgz.mohurd.gov.cn,https://favicon.im/rcgz.mohurd.gov.cn,
效率集 · yzhrjd / 办公平台,技术工人查询,http://zscx.osta.org.cn/,zscx.osta.org.cn,https://favicon.im/zscx.osta.org.cn,
效率集 · yzhrjd / 办公平台,特种作业操作证查询,http://cx.mem.gov.cn/,cx.mem.gov.cn,https://favicon.im/cx.mem.gov.cn,
效率集 · yzhrjd / 办公平台,信用中国,https://www.creditchina.gov.cn/chengxinwenhua/chengxindajiatan/,creditchina.gov.cn,https://favicon.im/creditchina.gov.cn,
效率集 · yzhrjd / 办公平台,交通安全综合服务平台,https://js.122.gov.cn/,js.122.gov.cn,https://favicon.im/js.122.gov.cn,
效率集 · yzhrjd / 办公平台,江苏24365大学生就业服务平台,https://www.91job.org.cn/,91job.org.cn,https://favicon.im/91job.org.cn,
效率集 · yzhrjd / 办公平台,一级建造师注册管理信息系统,https://jzszc.coc.gov.cn/link/index,jzszc.coc.gov.cn,https://favicon.im/jzszc.coc.gov.cn,
效率集 · yzhrjd / 办公平台,注册监理工程师管理系统,https://jlgcs.mohurd.gov.cn/client/login/link,jlgcs.mohurd.gov.cn,https://favicon.im/jlgcs.mohurd.gov.cn,
效率集 · yzhrjd / 办公平台,江苏省建设工程职称申报评审管理系统,https://jsjszcps.cn:8080/,jsjszcps.cn:8080,https://favicon.im/jsjszcps.cn:8080,
效率集 · yzhrjd / 招投标网,扬州大学,http://cgb.yzu.edu.cn/cgxx/cggg/gcl.htm,cgb.yzu.edu.cn,https://favicon.im/cgb.yzu.edu.cn,
效率集 · yzhrjd / 招投标网,扬州科技学院,http://www.yzpc.edu.cn/2511/list.htm,yzpc.edu.cn,https://favicon.im/yzpc.edu.cn,
效率集 · yzhrjd / 招投标网,扬州市疾病预防控制中心,http://www.yzcdc.com/index/news/index/functionid/19.html,yzcdc.com,https://favicon.im/yzcdc.com,
效率集 · yzhrjd / 招投标网,扬州维扬发投,http://www.yzwyft.com/news.asp?bigclassname=%E6%8B%9B%E6%A0%87%E5%85%AC%E5%91%8A,yzwyft.com,https://favicon.im/yzwyft.com,
效率集 · yzhrjd / 招投标网,扬州市邗江城市建设发展有限公司,https://www.hjcjfz.com/news/10/,hjcjfz.com,https://favicon.im/hjcjfz.com,
效率集 · yzhrjd / 招投标网,中国水务,https://www.chinahho.com/information,chinahho.com,https://favicon.im/chinahho.com,
效率集 · yzhrjd / 招投标网,江苏长江水务股份有限公司,http://cjsw.yzckjt.com/284/list.htm,cjsw.yzckjt.com,https://favicon.im/cjsw.yzckjt.com,
效率集 · yzhrjd / 招投标网,国家电网公司招标管理系统网站,https://bid.js.sgcc.com.cn/,bid.js.sgcc.com.cn,https://favicon.im/bid.js.sgcc.com.cn,
效率集 · yzhrjd / 招投标网,国家电网新一代电子商务平台,https://ecp.sgcc.com.cn/ecp2.0/portal/#/,ecp.sgcc.com.cn,https://favicon.im/ecp.sgcc.com.cn,
效率集 · yzhrjd / 招投标网,国家电网有限公司 电子商务平台-电工交易专区,https://sgccetp.com.cn,sgccetp.com.cn,https://favicon.im/sgccetp.com.cn,
效率集 · yzhrjd / 招投标网,中国移动,https://b2b.10086.cn/b2b/main/preIndex.html,b2b.10086.cn,https://favicon.im/b2b.10086.cn,
效率集 · yzhrjd / 招投标网,中海地产,https://hzs.coli688.com/,hzs.coli688.com,https://favicon.im/hzs.coli688.com,
效率集 · yzhrjd / 招投标网,宝龙地产,https://www.powerlong.com/inv/sup-info!begin.action,powerlong.com,https://favicon.im/powerlong.com,
效率集 · yzhrjd / 招投标网,采筑网,https://a.vvupup.com/page/welcome.jsp,a.vvupup.com,https://favicon.im/a.vvupup.com,
效率集 · yzhrjd / 招投标网,中招联合电子交易平台,http://www.365trade.com.cn/zbgg/index.jhtml,365trade.com.cn,https://favicon.im/365trade.com.cn,
效率集 · yzhrjd / 招投标网,中国采购与招标网,http://www.chinabidding.com.cn/,chinabidding.com.cn,https://favicon.im/chinabidding.com.cn,
效率集 · yzhrjd / 招投标网,中国招标投标公共服务平台,http://bulletin.cebpubservice.com/,bulletin.cebpubservice.com,https://favicon.im/bulletin.cebpubservice.com,
效率集 · yzhrjd / 招投标网,招投标网,http://www.infobidding.com/,infobidding.com,https://favicon.im/infobidding.com,
效率集 · yzhrjd / 招投标网,江苏省港口集团,http://ecg.portjs.cn:20909/#/jiaoyi?index=1,ecg.portjs.cn:20909,https://favicon.im/ecg.portjs.cn:20909,
效率集 · yzhrjd / 招投标网,国信慧采,https://ec.jsgx.net/,ec.jsgx.net,https://favicon.im/ec.jsgx.net,
效率集 · yzhrjd / 招投标网,江苏交通控股有限公司电子采购平台,https://zbcg.jchc.cn/home_announcement?index=0,zbcg.jchc.cn,https://favicon.im/zbcg.jchc.cn,
效率集 · yzhrjd / 招投标网,无锡产权交易所,https://www.wxcq.com.cn/wuxicq/ggzy/sourse.html,wxcq.com.cn,https://favicon.im/wxcq.com.cn,
效率集 · yzhrjd / 招投标网,云筑网,https://www.yzw.cn/,yzw.cn,https://favicon.im/yzw.cn,
效率集 · yzhrjd / 招投标网,中国能建电子采购平台,https://ec.ceec.net.cn/,ec.ceec.net.cn,https://favicon.im/ec.ceec.net.cn,
效率集 · yzhrjd / 招投标网,中核集团电子采购平台,https://www.cnncecp.com/,cnncecp.com,https://favicon.im/cnncecp.com,
效率集 · yzhrjd / 招投标网,中化招标,http://e.sinochemitc.com/cms/index.htm,e.sinochemitc.com,https://favicon.im/e.sinochemitc.com,
效率集 · yzhrjd / 招投标网,联东U谷,http://gyswy.liando.cn/suppliers-portal/,gyswy.liando.cn,https://favicon.im/gyswy.liando.cn,
效率集 · yzhrjd / 招投标网,春山·星火,https://chunshan.bcegc.com,chunshan.bcegc.com,https://favicon.im/chunshan.bcegc.com,
效率集 · yzhrjd / 公共资源,江苏省招标投标公共服务平台,https://www.jszbtb.com/#/announcedetail/1,jszbtb.com,https://favicon.im/jszbtb.com,
效率集 · yzhrjd / 公共资源,江苏省建设工程招标网,http://www.jszb.com.cn/jszb/,jszb.com.cn,https://favicon.im/jszb.com.cn,
效率集 · yzhrjd / 公共资源,江苏省公共资源交易网,http://jsggzy.jszwfw.gov.cn/,jsggzy.jszwfw.gov.cn,https://favicon.im/jsggzy.jszwfw.gov.cn,
效率集 · yzhrjd / 公共资源,扬州市公共资源交易中心,http://ggzyjyzx.yangzhou.gov.cn/jyxx/index.html,ggzyjyzx.yangzhou.gov.cn,https://favicon.im/ggzyjyzx.yangzhou.gov.cn,
效率集 · yzhrjd / 公共资源,邗江分中心,http://ggzyjyzx.yangzhou.gov.cn/hjfzx/jyxx/index.html,ggzyjyzx.yangzhou.gov.cn,https://favicon.im/ggzyjyzx.yangzhou.gov.cn,
效率集 · yzhrjd / 公共资源,广陵分中心,http://ggzyjyzx.yangzhou.gov.cn/glfzx/jyxx/index.html,ggzyjyzx.yangzhou.gov.cn,https://favicon.im/ggzyjyzx.yangzhou.gov.cn,
效率集 · yzhrjd / 公共资源,开发区分中心,http://ggzyjyzx.yangzhou.gov.cn/kfqfzx/jyxx/index.html,ggzyjyzx.yangzhou.gov.cn,https://favicon.im/ggzyjyzx.yangzhou.gov.cn,
效率集 · yzhrjd / 公共资源,江都分中心,http://ggzyjyzx.yangzhou.gov.cn/jdfzx/jyxx/index.html,ggzyjyzx.yangzhou.gov.cn,https://favicon.im/ggzyjyzx.yangzhou.gov.cn,
效率集 · yzhrjd / 公共资源,仪征分中心,http://ggzyjyzx.yangzhou.gov.cn/yzfzx/jyxx/index.html,ggzyjyzx.yangzhou.gov.cn,https://favicon.im/ggzyjyzx.yangzhou.gov.cn,
效率集 · yzhrjd / 公共资源,高邮分中心,http://ggzyjyzx.yangzhou.gov.cn/gyfzx/jyxx/index.html,ggzyjyzx.yangzhou.gov.cn,https://favicon.im/ggzyjyzx.yangzhou.gov.cn,
效率集 · yzhrjd / 公共资源,宝应分中心,http://ggzyjyzx.yangzhou.gov.cn/byfzx/jyxx/index.html,ggzyjyzx.yangzhou.gov.cn,https://favicon.im/ggzyjyzx.yangzhou.gov.cn,
效率集 · yzhrjd / 公共资源,泰州市公共资源交易网,http://ggzy.taizhou.gov.cn/,ggzy.taizhou.gov.cn,https://favicon.im/ggzy.taizhou.gov.cn,
效率集 · yzhrjd / 公共资源,新点电子交易平台,https://www.etrading.cn/,etrading.cn,https://favicon.im/etrading.cn,
效率集 · yzhrjd / 公共资源,新点电子交易平台-仪征专区,https://yizheng.etrading.cn/,yizheng.etrading.cn,https://favicon.im/yizheng.etrading.cn,
效率集 · yzhrjd / 公共资源,阳光e采云,https://www.365gpm.com/,365gpm.com,https://favicon.im/365gpm.com,
效率集 · yzhrjd / 公共资源,江苏省盐南高新区公共资源交易电子化服务平台,http://221.231.11.22:8099/,221.231.11.22:8099,https://favicon.im/221.231.11.22:8099,
效率集 · yzhrjd / 信息公开,扬子江集团,http://www.yangtzeinvest.com/GroupAnnouncement,yangtzeinvest.com,https://favicon.im/yangtzeinvest.com,
效率集 · yzhrjd / 信息公开,城建控股,http://www.yzckjt.com/ztbxx/list.htm,yzckjt.com,https://favicon.im/yzckjt.com,
效率集 · yzhrjd / 信息公开,交通产业集团,https://www.yzjtcyjt.com/joomla/index.php/xmzb,yzjtcyjt.com,https://favicon.im/yzjtcyjt.com,
效率集 · yzhrjd / 信息公开,科教集团,http://yz-kjjt.com/html/zbxx/,yz-kjjt.com,https://favicon.im/yz-kjjt.com,
效率集 · yzhrjd / 信息公开,经济技术开发区,https://kfq.yangzhou.gov.cn/zfxxgk/fdzdgknr/zfcg/index.html,kfq.yangzhou.gov.cn,https://favicon.im/kfq.yangzhou.gov.cn,
效率集 · yzhrjd / 信息公开,生态科技新城,https://stkjxc.yangzhou.gov.cn/zfxxgk/fdzdgknr/zfcg/index.html,stkjxc.yangzhou.gov.cn,https://favicon.im/stkjxc.yangzhou.gov.cn,
效率集 · yzhrjd / 信息公开,蜀冈-瘦西湖风景名胜区,https://sxh.yangzhou.gov.cn/zbtb/zbgg/index.html,sxh.yangzhou.gov.cn,https://favicon.im/sxh.yangzhou.gov.cn,
效率集 · yzhrjd / 信息公开,邗江区,http://www.hj.gov.cn/zfxxgk/zjdzfxxgk/index.html,hj.gov.cn,https://favicon.im/hj.gov.cn,
效率集 · yzhrjd / 信息公开,扬州高新区,http://www.hj.gov.cn/zfxxgk/zjdzfxxgk/yzgxqchjd/fdzdgknr/tzgg/index.html,hj.gov.cn,https://favicon.im/hj.gov.cn,
效率集 · yzhrjd / 信息公开,维扬开发区,http://www.hj.gov.cn/zfxxgk/zjdzfxxgk/wykfq/fdzdgknr/tzgg/index.html,hj.gov.cn,https://favicon.im/hj.gov.cn,
效率集 · yzhrjd / 信息公开,瓜洲镇,http://www.hj.gov.cn/zfxxgk/zjdzfxxgk/gzz/fdzdgknr/tzgg/index.html,hj.gov.cn,https://favicon.im/hj.gov.cn,
效率集 · yzhrjd / 信息公开,蒋王街道,http://www.hj.gov.cn/zfxxgk/zjdzfxxgk/jwjd/fdzdgknr/tzgg/index.html,hj.gov.cn,https://favicon.im/hj.gov.cn,
效率集 · yzhrjd / 信息公开,邗上街道,http://www.hj.gov.cn/zfxxgk/zjdzfxxgk/hsjd/fdzdgknr/tzgg/index.html,hj.gov.cn,https://favicon.im/hj.gov.cn,
效率集 · yzhrjd / 信息公开,双桥街道,http://www.hj.gov.cn/zfxxgk/zjdzfxxgk/sqjd/fdzdgknr/tzgg/index.html,hj.gov.cn,https://favicon.im/hj.gov.cn,
效率集 · yzhrjd / 信息公开,新盛街道,http://www.hj.gov.cn/zfxxgk/zjdzfxxgk/xsjd/fdzdgknr/tzgg/index.html,hj.gov.cn,https://favicon.im/hj.gov.cn,
效率集 · yzhrjd / 信息公开,西湖街道,http://www.hj.gov.cn/zfxxgk/zjdzfxxgk/xhjd/fdzdgknr/tzgg/index.html,hj.gov.cn,https://favicon.im/hj.gov.cn,
效率集 · yzhrjd / 信息公开,竹西街道,http://www.hj.gov.cn/zfxxgk/zjdzfxxgk/zxjd/fdzdgknr/tzgg/index.html,hj.gov.cn,https://favicon.im/hj.gov.cn,
效率集 · yzhrjd / 信息公开,杨庙镇,http://www.hj.gov.cn/zfxxgk/zjdzfxxgk/ymz/fdzdgknr/tzgg/index.html,hj.gov.cn,https://favicon.im/hj.gov.cn,
效率集 · yzhrjd / 信息公开,甘泉街道,http://www.hj.gov.cn/zfxxgk/zjdzfxxgk/gqjd/fdzdgknr/tzgg/index.html,hj.gov.cn,https://favicon.im/hj.gov.cn,
效率集 · yzhrjd / 信息公开,杨寿镇,http://www.hj.gov.cn/zfxxgk/zjdzfxxgk/ysz/fdzdgknr/tzgg/index.html,hj.gov.cn,https://favicon.im/hj.gov.cn,
效率集 · yzhrjd / 信息公开,槐泗镇,http://www.hj.gov.cn/zfxxgk/zjdzfxxgk/hsz/fdzdgknr/tzgg/index.html,hj.gov.cn,https://favicon.im/hj.gov.cn,
效率集 · yzhrjd / 信息公开,方巷镇,http://www.hj.gov.cn/zfxxgk/zjdzfxxgk/fxz/fdzdgknr/tzgg/index.html,hj.gov.cn,https://favicon.im/hj.gov.cn,
效率集 · yzhrjd / 信息公开,公道镇,http://www.hj.gov.cn/zfxxgk/zjdzfxxgk/gdz/fdzdgknr/tzgg/index.html,hj.gov.cn,https://favicon.im/hj.gov.cn,
效率集 · yzhrjd / 信息公开,广陵区,http://gl.yangzhou.gov.cn/zfxxgk/fdzdgknr/zjdyqxxgk/index.html,gl.yangzhou.gov.cn,https://favicon.im/gl.yangzhou.gov.cn,
效率集 · yzhrjd / 信息公开,经济开发区,http://gl.yangzhou.gov.cn/zwgk/zjdyqxxgk/jjkfq/fdzdgknr/tzgg/index.html,gl.yangzhou.gov.cn,https://favicon.im/gl.yangzhou.gov.cn,
效率集 · yzhrjd / 信息公开,广陵新城,http://gl.yangzhou.gov.cn/zwgk/zjdyqxxgk/glxc/fdzdgknr/tzgg/index.html,gl.yangzhou.gov.cn,https://favicon.im/gl.yangzhou.gov.cn,
效率集 · yzhrjd / 信息公开,东南新城,http://gl.yangzhou.gov.cn/zwgk/zjdyqxxgk/dnxc/fdzdgknr/tzgg/index.html,gl.yangzhou.gov.cn,https://favicon.im/gl.yangzhou.gov.cn,
效率集 · yzhrjd / 信息公开,食品产业园,http://gl.yangzhou.gov.cn/zwgk/zjdyqxxgk/spcyy/fdzdgknr/tzgg/index.html,gl.yangzhou.gov.cn,https://favicon.im/gl.yangzhou.gov.cn,
效率集 · yzhrjd / 信息公开,头桥镇,http://gl.yangzhou.gov.cn/zwgk/zjdyqxxgk/tqz/fdzdgknr/tzgg/index.html,gl.yangzhou.gov.cn,https://favicon.im/gl.yangzhou.gov.cn,
效率集 · yzhrjd / 信息公开,李典镇,http://gl.yangzhou.gov.cn/zwgk/zjdyqxxgk/ldz/fdzdgknr/tzgg/index.html,gl.yangzhou.gov.cn,https://favicon.im/gl.yangzhou.gov.cn,
效率集 · yzhrjd / 信息公开,沙头镇,http://gl.yangzhou.gov.cn/zwgk/zjdyqxxgk/stz/fdzdgknr/tzgg/index.html,gl.yangzhou.gov.cn,https://favicon.im/gl.yangzhou.gov.cn,
效率集 · yzhrjd / 信息公开,湾头镇,http://gl.yangzhou.gov.cn/zwgk/zjdyqxxgk/wtz/fdzdgknr/tzgg/index.html,gl.yangzhou.gov.cn,https://favicon.im/gl.yangzhou.gov.cn,
效率集 · yzhrjd / 信息公开,汤汪街道,http://gl.yangzhou.gov.cn/zwgk/zjdyqxxgk/twjd/fdzdgknr/tzgg/index.html,gl.yangzhou.gov.cn,https://favicon.im/gl.yangzhou.gov.cn,
效率集 · yzhrjd / 信息公开,曲江街道,http://gl.yangzhou.gov.cn/zwgk/zjdyqxxgk/qjjd/fdzdgknr/tzgg/index.html,gl.yangzhou.gov.cn,https://favicon.im/gl.yangzhou.gov.cn,
效率集 · yzhrjd / 信息公开,文峰街道,http://gl.yangzhou.gov.cn/zwgk/zjdyqxxgk/wfjd/fdzdgknr/tzgg/index.html,gl.yangzhou.gov.cn,https://favicon.im/gl.yangzhou.gov.cn,
效率集 · yzhrjd / 信息公开,东关街道,http://gl.yangzhou.gov.cn/zwgk/zjdyqxxgk/dgjd/fdzdgknr/tzgg/index.html,gl.yangzhou.gov.cn,https://favicon.im/gl.yangzhou.gov.cn,
效率集 · yzhrjd / 信息公开,汶河街道,http://gl.yangzhou.gov.cn/zwgk/zjdyqxxgk/whjd/fdzdgknr/tzgg/index.html,gl.yangzhou.gov.cn,https://favicon.im/gl.yangzhou.gov.cn,
效率集 · yzhrjd / 信息公开,江都区,http://www.jiangdu.gov.cn/zfxxgk/fdzdgknr/xzjdyqxxgk/index.html,jiangdu.gov.cn,https://favicon.im/jiangdu.gov.cn,
效率集 · yzhrjd / 信息公开,仪征市,http://www.yizheng.gov.cn/zfxxgk/yqxzbmxxgkml/index.html,yizheng.gov.cn,https://favicon.im/yizheng.gov.cn,
效率集 · yzhrjd / 信息公开,大仪镇,http://www.yizheng.gov.cn/zfxxgk/yqxzbmxxgkml/yqxz/dyz/fdzdgknr/tzgg/index.html,yizheng.gov.cn,https://favicon.im/yizheng.gov.cn,
效率集 · yzhrjd / 信息公开,高邮市,https://gaoyou.yangzhou.gov.cn/zwgk/xzxxgk/index.html,gaoyou.yangzhou.gov.cn,https://favicon.im/gaoyou.yangzhou.gov.cn,
效率集 · yzhrjd / 信息公开,宝应县,https://baoying.yangzhou.gov.cn/zfxxgk/zqxxgk/index.html,baoying.yangzhou.gov.cn,https://favicon.im/baoying.yangzhou.gov.cn,
效率集 · yzhrjd / 政府采购,中国政府采购网,http://www.ccgp.gov.cn/,ccgp.gov.cn,https://favicon.im/ccgp.gov.cn,
效率集 · yzhrjd / 政府采购,江苏省政府采购网,http://www.ccgp-jiangsu.gov.cn/,ccgp-jiangsu.gov.cn,https://favicon.im/ccgp-jiangsu.gov.cn,
效率集 · yzhrjd / 政府采购,扬州市政府采购网,http://zfcg.yangzhou.gov.cn,zfcg.yangzhou.gov.cn,https://favicon.im/zfcg.yangzhou.gov.cn,
效率集 · yzhrjd / 政府采购,广陵区政府采购网,http://gl.yangzhou.gov.cn/zfxxgk/fdzdgknr/ggzypz/zfcg/index.html,gl.yangzhou.gov.cn,https://favicon.im/gl.yangzhou.gov.cn,
效率集 · yzhrjd / 政府采购,邗江区政府采购网,https://www.hj.gov.cn/zfcgw/index.html,hj.gov.cn,https://favicon.im/hj.gov.cn,
效率集 · yzhrjd / 政府采购,江都区政府采购网,http://www.jiangdu.gov.cn/ztzl/jdqzfcgw/index.html,jiangdu.gov.cn,https://favicon.im/jiangdu.gov.cn,
效率集 · yzhrjd / 政府采购,仪征市政府采购网,http://zfcg.yizheng.cn/,zfcg.yizheng.cn,https://favicon.im/zfcg.yizheng.cn,
效率集 · yzhrjd / 政府采购,高邮市政府采购网,https://gaoyou.yangzhou.gov.cn/gyszfcgw/index.html,gaoyou.yangzhou.gov.cn,https://favicon.im/gaoyou.yangzhou.gov.cn,
效率集 · yzhrjd / 政府采购,宝应县政府采购网,https://baoying.yangzhou.gov.cn/byxzfcgw/index.html,baoying.yangzhou.gov.cn,https://favicon.im/baoying.yangzhou.gov.cn,
效率集 · yzhrjd / 政府采购,南京公共采购信息网,https://njgc.jfh.com/,njgc.jfh.com,https://favicon.im/njgc.jfh.com,
效率集 · yzhrjd / 造价信息,扬州市邗江区审计局,http://www.hj.gov.cn/zfxxgk/bmzfxxgk/sjj/fdzdgknr/tzgg/index.html,hj.gov.cn,https://favicon.im/hj.gov.cn,
效率集 · yzhrjd / 造价信息,中国电力工程造价信息网,http://www.cecm.net.cn/,cecm.net.cn,https://favicon.im/cecm.net.cn,
效率集 · yzhrjd / 造价信息,江苏省造价管理信息系统,http://49.77.204.6:10081/continue/,49.77.204.6:10081,https://favicon.im/49.77.204.6:10081,
效率集 · yzhrjd / 造价信息,扬州市工程造价管理系统,https://zjgl.yzjwx.com:7777/,zjgl.yzjwx.com:7777,https://favicon.im/zjgl.yzjwx.com:7777,
效率集 · yzhrjd / 造价信息,长江铜业网,https://copper.ccmn.cn/copperprice/cjxh/,copper.ccmn.cn,https://favicon.im/copper.ccmn.cn,
效率集 · yzhrjd / 造价信息,钢银电商,https://www.banksteel.com/,banksteel.com,https://favicon.im/banksteel.com,
效率集 · yzhrjd / 造价信息,新点计价软件,https://download.bqpoint.com/?softtypecode=01,download.bqpoint.com,https://favicon.im/download.bqpoint.com,
效率集 · yzhrjd / 培训学习,学信网,http://www.chsi.com.cn/,chsi.com.cn,https://favicon.im/chsi.com.cn,
效率集 · yzhrjd / 培训学习,中国人事考试网,http://www.cpta.com.cn/,cpta.com.cn,https://favicon.im/cpta.com.cn,
效率集 · yzhrjd / 培训学习,江苏人事考试网,http://jshrss.jiangsu.gov.cn/col/col57253/index.html,jshrss.jiangsu.gov.cn,https://favicon.im/jshrss.jiangsu.gov.cn,
效率集 · yzhrjd / 培训学习,扬州人事考试网,http://hrss.yangzhou.gov.cn/yzrsks/,hrss.yangzhou.gov.cn,https://favicon.im/hrss.yangzhou.gov.cn,
效率集 · yzhrjd / 培训学习,扬州市建设培训在线学习平台（建造师/安全员继续教育）,https://bm.yzjp.org.cn/#/,bm.yzjp.org.cn,https://favicon.im/bm.yzjp.org.cn,
效率集 · yzhrjd / 培训学习,扬州市会计人员继续教育培训,http://czj.yangzhou.gov.cn/yzczjx/jypxg/czj_yzkj_jypx.shtml,czj.yangzhou.gov.cn,https://favicon.im/czj.yangzhou.gov.cn,
效率集 · yzhrjd / 培训学习,安全员题库,http://tiku.zhikao666.com,tiku.zhikao666.com,https://favicon.im/tiku.zhikao666.com,
效率集 · yzhrjd / 培训学习,江苏省网上报名系统,http://jiangsu.nomax.vip/tip/,jiangsu.nomax.vip,https://favicon.im/jiangsu.nomax.vip,
效率集 · yzhrjd / 培训学习,江苏省人事考试网上业务办理平台,http://jiangsu.nomax.vip/bas/,jiangsu.nomax.vip,https://favicon.im/jiangsu.nomax.vip,
效率集 · yzhrjd / 培训学习,江苏建设教育网,http://www.jscen.com/,jscen.com,https://favicon.im/jscen.com,
效率集 · yzhrjd / 培训学习,身份证自助读卡,http://58.213.147.239:8080/KSPXFront/Web2/Pages/Common/WebReadCard.aspx,58.213.147.239:8080,https://favicon.im/58.213.147.239:8080,
效率集 · yzhrjd / 培训学习,江苏省建设类专业技术人员资格考试服务平台,http://js.bm.zjcloud.net.cn/login,js.bm.zjcloud.net.cn,https://favicon.im/js.bm.zjcloud.net.cn,
效率集 · yzhrjd / 培训学习,全国专业技术人员资格考试报名服务平台,http://zg.cpta.com.cn/examfront,zg.cpta.com.cn,https://favicon.im/zg.cpta.com.cn,
效率集 · yzhrjd / 培训学习,扬州建设培训考试网,http://www.yzjp.org.cn/,yzjp.org.cn,https://favicon.im/yzjp.org.cn,
效率集 · yzhrjd / 培训学习,安全生产模拟考试云平台,https://www.aqscmnks.com/exam/View/login.php,aqscmnks.com,https://favicon.im/aqscmnks.com,
效率集 · yzhrjd / 培训学习,扬州市专业技术人才继续教育基地,https://yzzj.subeiedu.com/#/home,yzzj.subeiedu.com,https://favicon.im/yzzj.subeiedu.com,
效率集 · yzhrjd / 培训学习,江苏省造价从业人员远程教育网,https://ycjy.jszjxh.com/w/portal/index,ycjy.jszjxh.com,https://favicon.im/ycjy.jszjxh.com,
效率集 · yzhrjd / 培训学习,江苏省会计人员信息采集系统,http://kj.jscz.gov.cn,kj.jscz.gov.cn,https://favicon.im/kj.jscz.gov.cn,
效率集 · yzhrjd / 培训学习,江苏会计考试,http://kjexam.jsczt.cn,kjexam.jsczt.cn,https://favicon.im/kjexam.jsczt.cn,
效率集 · yzhrjd / 培训学习,全国会计资格评价网,http://kzp.mof.gov.cn/,kzp.mof.gov.cn,https://favicon.im/kzp.mof.gov.cn,
效率集 · yzhrjd / 邮箱网盘,QQ邮箱,https://mail.qq.com/,mail.qq.com,https://favicon.im/mail.qq.com,
效率集 · yzhrjd / 邮箱网盘,163邮箱,https://mail.163.com/,mail.163.com,https://favicon.im/mail.163.com,
效率集 · yzhrjd / 邮箱网盘,126邮箱,https://www.126.com/,126.com,https://favicon.im/126.com,
效率集 · yzhrjd / 邮箱网盘,yeah邮箱,https://www.yeah.net/,yeah.net,https://favicon.im/yeah.net,
效率集 · yzhrjd / 邮箱网盘,189邮箱,https://webmail30.189.cn/w2/,webmail30.189.cn,https://favicon.im/webmail30.189.cn,
效率集 · yzhrjd / 办公工具,绿联云,https://ug.link/huarui,ug.link,https://favicon.im/ug.link,
效率集 · yzhrjd / 办公工具,DeepSeek,https://www.deepseek.com/,deepseek.com,https://favicon.im/deepseek.com,
效率集 · yzhrjd / 办公工具,货拉拉,https://www.hllep.com/,hllep.com,https://favicon.im/hllep.com,
效率集 · yzhrjd / 办公工具,红圈,https://cloud.hecom.cn/,cloud.hecom.cn,https://favicon.im/cloud.hecom.cn,
效率集 · yzhrjd / 办公工具,常用软件,https://www.aliyundrive.com/s/PtZE78itwFc,aliyundrive.com,https://favicon.im/aliyundrive.com,
效率集 · yzhrjd / 办公工具,ProcessOn,https://www.processon.com/,processon.com,https://favicon.im/processon.com,
效率集 · yzhrjd / 办公工具,PDF工具,https://smallpdf.com/cn,smallpdf.com,https://favicon.im/smallpdf.com,
效率集 · yzhrjd / 办公工具,蓝奏·云存储,https://www.lanzou.com/,lanzou.com,https://favicon.im/lanzou.com,
效率集 · yzhrjd / 办公工具,电脑管家下载（BOF1FCVD）,https://team.qq.com/download/PCMgr_Setup.exe?pinid=BOF1FCVD,team.qq.com,https://favicon.im/team.qq.com,
效率集 · yzhrjd / 银行金融,中国银行,http://www.boc.cn/,boc.cn,https://favicon.im/boc.cn,
效率集 · yzhrjd / 信息工具,寄语市长,https://www.yangzhou.gov.cn/jyszzxhf/index.html,yangzhou.gov.cn,https://favicon.im/yangzhou.gov.cn,
效率集 · yzhrjd / 信息工具,企查查,https://www.qcc.com/,qcc.com,https://favicon.im/qcc.com,
效率集 · yzhrjd / 信息工具,建设通,http://www.jianshetong.net/,jianshetong.net,https://favicon.im/jianshetong.net,
效率集 · yzhrjd / 信息工具,小米云服务,https://i.mi.com/,i.mi.com,https://favicon.im/i.mi.com,
效率集 · yzhrjd / 信息工具,华为云空间,http://cloud.huawei.com/,cloud.huawei.com,https://favicon.im/cloud.huawei.com,
效率集 · yzhrjd / 信息工具,顺丰速运,https://www.sf-express.com/cn/sc/,sf-express.com,https://favicon.im/sf-express.com,
效率集 · yzhrjd / 信息工具,智联招聘,https://passport.zhaopin.com/org/login,passport.zhaopin.com,https://favicon.im/passport.zhaopin.com,
效率集 · yzhrjd / 信息工具,赶集网,http://yangzhou.ganji.com/,yangzhou.ganji.com,https://favicon.im/yangzhou.ganji.com,
效率集 · yzhrjd / 信息工具,58同城,http://yz.58.com/,yz.58.com,https://favicon.im/yz.58.com,
效率集 · yzhrjd / 信息工具,中国石化加油卡网上营业厅,https://www.sinopecsales.com/,sinopecsales.com,https://favicon.im/sinopecsales.com,
效率集 · yzhrjd / 信息工具,票根网,https://www.txffp.com/,txffp.com,https://favicon.im/txffp.com,
效率集 · yzhrjd / 信息工具,扬州天气,https://www.lishidata.com/area/%E6%B1%9F%E8%8B%8F/%E6%89%AC%E5%B7%9E.html,lishidata.com,https://favicon.im/lishidata.com,
效率集 · yzhrjd / 购物娱乐,影视导航,https://kdocs.cn/l/cmkras6HzRNH,kdocs.cn,https://favicon.im/kdocs.cn,
效率集 · yzhrjd / 购物娱乐,好看影院,https://wap.bmysss.com/,wap.bmysss.com,https://favicon.im/wap.bmysss.com,
效率集 · yzhrjd / 购物娱乐,返利网,https://www.fanli.com/,fanli.com,https://favicon.im/fanli.com,
效率集 · yzhrjd / 购物娱乐,苏宁易购,https://www.suning.com/,suning.com,https://favicon.im/suning.com,
效率集 · yzhrjd / 购物娱乐,小米商城,https://www.mi.com/,mi.com,https://favicon.im/mi.com,
效率集 · yzhrjd / 购物娱乐,有品,https://youpin.mi.com/,youpin.mi.com,https://favicon.im/youpin.mi.com,
效率集 · yzhrjd / 购物娱乐,TP-LINK,http://www.tp-link.com.cn/,tp-link.com.cn,https://favicon.im/tp-link.com.cn,
